Workbook
Name CPVC_DN: 'Dados e Cálculos'!$A$6:$A$13
Name PVC_DN: 'Dados e Cálculos'!$E$6:$E$14

Sheet Balanço Vazão
A1: BALANÇO DE VAZÃO — RECIRCULAÇÃO (ANEL 1 x ANEL 2)
A2: Ferreto Engenharia
A4: DADOS DE ENTRADA
A5: Parâmetro | B5: Anel 1 | C5: Anel 2 | D5: Unidade
A6: Material | B6: CPVC | C6: CPVC | D6: -
A7: DN externo (escolha a bitola) | B7: 22 | C7: 22 | D7: mm — selecione na lista
A8: DN interno (calculado automaticamente) | B8: =IF(B6="CPVC",VLOOKUP(B7,'Dados e Cálculos'!$A$6:$B$13,2,0),VLOOKUP(B7,'Dados e Cálculos'!$E$6:$F$14,2,0)) -> 17.6 | C8: =IF(C6="CPVC",VLOOKUP(C7,'Dados e Cálculos'!$A$6:$B$13,2,0),VLOOKUP(C7,'Dados e Cálculos'!$E$6:$F$14,2,0)) -> 17.6 | D8: mm — puxado da tabela de diâmetros
A9: Rugosidade absoluta | B9: 0.006 | C9: 0.006 | D9: mm
A10: Comprimento total (real + equivalente) | B10: 27.37 | C10: 44.05 | D10: m
A11: Comprimento real (só tubo, sem conexões) | B11: 15.52 | C11: 31.9 | D11: m
A13: Temperatura da água | B13: 40 | C13: °C
A14: Vazão total (a que chega no tronco) | B14: 6 | C14: L/min
A16: RESULTADO
B17: Anel 1 | C17: Anel 2
A18: Vazão em cada anel | B18: ='Dados e Cálculos'!$B$26 -> 3.4149912 | C18: ='Dados e Cálculos'!$C$26 -> 2.5850088 | D18: L/min
A19: Tempo de recirculação | B19: =INT(ROUND((((PI()*('Balanço Vazão'!$B$8/1000)^2/4)*'Balanço Vazão'!$B$11*1000)/B18)*60,0)/60)&" min "&TEXT(MOD(ROUND((((PI()*('Balanço Vazão'!$B$8/1000)^2/4)*'Balanço Vazão'!$B$11*1000)/B18)*60,0),60),"00")&" s" -> 1 min 06 s | C19: =INT(ROUND((((PI()*('Balanço Vazão'!$C$8/1000)^2/4)*'Balanço Vazão'!$C$11*1000)/C18)*60,0)/60)&" min "&TEXT(MOD(ROUND((((PI()*('Balanço Vazão'!$C$8/1000)^2/4)*'Balanço Vazão'!$C$11*1000)/C18)*60,0),60),"00")&" s" -> 3 min 00 s | D19: min:seg
A21: Verificação: soma das vazões dos anéis (deve bater com a vazão total informada) | B21: =B18+C18 -> 6
A23: PRECISA DE UM TEMPO MÁXIMO NO ANEL 2? Veja a vazão total necessária
A24: Tempo máximo desejado no Anel 2 | B24: 1 | C24: min
B25: Anel 1 | C25: Anel 2
A26: Vazão necessária | B26: ='Dados e Cálculos'!$B$38 -> 10.166344 | C26: =((PI()*('Balanço Vazão'!$C$8/1000)^2/4)*'Balanço Vazão'!$C$11*1000)/'Balanço Vazão'!$B$24 -> 7.7607894 | D26: L/min
A27: Vazão total necessária | B27: =B26+C26 -> 17.927134 | D27: L/min
A29: Ferreto Engenharia — os detalhes de cálculo (tabelas de diâmetro, viscosidade, iterações) estão na aba 'Dados e Cálculos'. Você não precisa mexer lá; ela atualiza sozinha.

Sheet Tempo de Espera
B2: Tempo de Espera
B3: Trecho 01
B4: Vazão | C4: 3.42
B5: Pontos simultâneo | C5: 1
B6: Vazão total | C6: =C4*C5 -> 3.42
B7: Diâmetro CPVC | C7: 22
B8: Diâmetro interno CPVC | C8: =INDEX('[1]DN CPVC'!$B$5:$B$13,MATCH(C7,'[1]DN CPVC'!$A$5:$A$13,2)) -> 17.6
B10: Distância | C10: 15.52
B11: Área | C11: =((C8/1000)^2*3.14)/4 -> 0.0002431616
B12: Velocidade | C12: =(4*(C4/60)/1000)/(3.14*(C8/1000)^2) -> 0.23441201
B13: Tempo | C13: =(((C10/C12)/60)/60)*(1/24) -> 0.00076629874
B14: Volume | C14: =(C11*C10)*1000 -> 3.773868
B16: Tempo total
B17: =C13 -> 0.00076629874

Sheet Dados e Cálculos
A1: DADOS E CÁLCULOS (detalhe) — não precisa mexer aqui
A2: Tabelas de diâmetro comercial, viscosidade da água, e iterações de convergência do balanço.
A4: Diâmetro comercial CPVC | E4: Diâmetro comercial PVC | H4: Viscosidade da água
A5: DN externo (mm) | B5: DN interno (mm) | E5: DN externo (mm) | F5: DN interno (mm) | H5: T (°C) | I5: μ (Pa·s)
A6: 15 | B6: 11.8 | E6: 20 | F6: 17 | H6: 10 | I6: 0.001308
A7: 22 | B7: 17.6 | E7: 25 | F7: 21.4 | H7: 20 | I7: 0.001002
A8: 28 | B8: 22.6 | E8: 32 | F8: 27.8 | H8: 30 | I8: 0.0007978
A9: 35 | B9: 28.6 | E9: 40 | F9: 35.2 | H9: 40 | I9: 0.0006531
A10: 42 | B10: 34.4 | E10: 50 | F10: 44 | H10: 50 | I10: 0.0005471
A11: 54 | B11: 44.2 | E11: 60 | F11: 53 | H11: 60 | I11: 0.0004668
A12: 73 | B12: 59.2 | E12: 75 | F12: 66.6 | H12: 70 | I12: 0.0004044
A13: 89 | B13: 72 | E13: 85 | F13: 75.6 | H13: 80 | I13: 0.000355
E14: 110 | F14: 97.8 | H14: 90 | I14: 0.000315
H15: 100 | I15: 0.0002822
A17: Viscosidade da água na temperatura informada (consulta automática) | B17: =VLOOKUP('Balanço Vazão'!$B$13,$H$6:$I$15,2) -> 0.0006531
A19: MODO DIRETO — iteração de convergência (Q1, Q2)
A20: Rodada | B20: Q1 (L/min) | C20: Q2 (L/min) | D20: Re1 | E20: Re2 | F20: f1 | G20: f2
A21: 0 (estimativa) | B21: ='Balanço Vazão'!$B$14*('Balanço Vazão'!$B$8^2.5/SQRT('Balanço Vazão'!$B$10))/(('Balanço Vazão'!$B$8^2.5/SQRT('Balanço Vazão'!$B$10))+('Balanço Vazão'!$C$8^2.5/SQRT('Balanço Vazão'!$C$10))) -> 3.355234 | C21: ='Balanço Vazão'!$B$14-B21 -> 2.644766 | D21: — | E21: — | F21: — | G21: —
A22: 1 | B22: ='Balanço Vazão'!$B$14*('Balanço Vazão'!$B$8^2.5/SQRT(F22*'Balanço Vazão'!$B$10))/(('Balanço Vazão'!$B$8^2.5/SQRT(F22*'Balanço Vazão'!$B$10))+('Balanço Vazão'!$C$8^2.5/SQRT(G22*'Balanço Vazão'!$C$10))) -> 3.4062957 | C22: ='Balanço Vazão'!$B$14-B22 -> 2.5937043 | D22: =1000*((B21/60000)/(PI()*('Balanço Vazão'!$B$8/1000)^2/4))*('Balanço Vazão'!$B$8/1000)/'Dados e Cálculos'!$B$17 -> 6194.2586 | E22: =1000*((C21/60000)/(PI()*('Balanço Vazão'!$C$8/1000)^2/4))*('Balanço Vazão'!$C$8/1000)/'Dados e Cálculos'!$B$17 -> 4882.6295 | F22: =0.25/(LOG10((('Balanço Vazão'!$B$9/'Balanço Vazão'!$B$8)/3.7)+(5.74/(D22^0.9))))^2 -> 0.035973316 | G22: =0.25/(LOG10((('Balanço Vazão'!$C$9/'Balanço Vazão'!$C$8)/3.7)+(5.74/(E22^0.9))))^2 -> 0.038550774
A23: 2 | B23: ='Balanço Vazão'!$B$14*('Balanço Vazão'!$B$8^2.5/SQRT(F23*'Balanço Vazão'!$B$10))/(('Balanço Vazão'!$B$8^2.5/SQRT(F23*'Balanço Vazão'!$B$10))+('Balanço Vazão'!$C$8^2.5/SQRT(G23*'Balanço Vazão'!$C$10))) -> 3.4137255 | C23: ='Balanço Vazão'!$B$14-B23 -> 2.5862745 | D23: =1000*((B22/60000)/(PI()*('Balanço Vazão'!$B$8/1000)^2/4))*('Balanço Vazão'!$B$8/1000)/'Dados e Cálculos'!$B$17 -> 6288.526 | E23: =1000*((C22/60000)/(PI()*('Balanço Vazão'!$C$8/1000)^2/4))*('Balanço Vazão'!$C$8/1000)/'Dados e Cálculos'!$B$17 -> 4788.3621 | F23: =0.25/(LOG10((('Balanço Vazão'!$B$9/'Balanço Vazão'!$B$8)/3.7)+(5.74/(D23^0.9))))^2 -> 0.03581916 | G23: =0.25/(LOG10((('Balanço Vazão'!$C$9/'Balanço Vazão'!$C$8)/3.7)+(5.74/(E23^0.9))))^2 -> 0.03877504
A24: 3 | B24: ='Balanço Vazão'!$B$14*('Balanço Vazão'!$B$8^2.5/SQRT(F24*'Balanço Vazão'!$B$10))/(('Balanço Vazão'!$B$8^2.5/SQRT(F24*'Balanço Vazão'!$B$10))+('Balanço Vazão'!$C$8^2.5/SQRT(G24*'Balanço Vazão'!$C$10))) -> 3.4148098 | C24: ='Balanço Vazão'!$B$14-B24 -> 2.5851902 | D24: =1000*((B23/60000)/(PI()*('Balanço Vazão'!$B$8/1000)^2/4))*('Balanço Vazão'!$B$8/1000)/'Dados e Cálculos'!$B$17 -> 6302.2426 | E24: =1000*((C23/60000)/(PI()*('Balanço Vazão'!$C$8/1000)^2/4))*('Balanço Vazão'!$C$8/1000)/'Dados e Cálculos'!$B$17 -> 4774.6455 | F24: =0.25/(LOG10((('Balanço Vazão'!$B$9/'Balanço Vazão'!$B$8)/3.7)+(5.74/(D24^0.9))))^2 -> 0.035797011 | G24: =0.25/(LOG10((('Balanço Vazão'!$C$9/'Balanço Vazão'!$C$8)/3.7)+(5.74/(E24^0.9))))^2 -> 0.038808216
A25: 4 | B25: ='Balanço Vazão'!$B$14*('Balanço Vazão'!$B$8^2.5/SQRT(F25*'Balanço Vazão'!$B$10))/(('Balanço Vazão'!$B$8^2.5/SQRT(F25*'Balanço Vazão'!$B$10))+('Balanço Vazão'!$C$8^2.5/SQRT(G25*'Balanço Vazão'!$C$10))) -> 3.4149681 | C25: ='Balanço Vazão'!$B$14-B25 -> 2.5850319 | D25: =1000*((B24/60000)/(PI()*('Balanço Vazão'!$B$8/1000)^2/4))*('Balanço Vazão'!$B$8/1000)/'Dados e Cálculos'!$B$17 -> 6304.2443 | E25: =1000*((C24/60000)/(PI()*('Balanço Vazão'!$C$8/1000)^2/4))*('Balanço Vazão'!$C$8/1000)/'Dados e Cálculos'!$B$17 -> 4772.6438 | F25: =0.25/(LOG10((('Balanço Vazão'!$B$9/'Balanço Vazão'!$B$8)/3.7)+(5.74/(D25^0.9))))^2 -> 0.035793785 | G25: =0.25/(LOG10((('Balanço Vazão'!$C$9/'Balanço Vazão'!$C$8)/3.7)+(5.74/(E25^0.9))))^2 -> 0.038813069
A26: 5 | B26: ='Balanço Vazão'!$B$14*('Balanço Vazão'!$B$8^2.5/SQRT(F26*'Balanço Vazão'!$B$10))/(('Balanço Vazão'!$B$8^2.5/SQRT(F26*'Balanço Vazão'!$B$10))+('Balanço Vazão'!$C$8^2.5/SQRT(G26*'Balanço Vazão'!$C$10))) -> 3.4149912 | C26: ='Balanço Vazão'!$B$14-B26 -> 2.5850088 | D26: =1000*((B25/60000)/(PI()*('Balanço Vazão'!$B$8/1000)^2/4))*('Balanço Vazão'!$B$8/1000)/'Dados e Cálculos'!$B$17 -> 6304.5365 | E26: =1000*((C25/60000)/(PI()*('Balanço Vazão'!$C$8/1000)^2/4))*('Balanço Vazão'!$C$8/1000)/'Dados e Cálculos'!$B$17 -> 4772.3515 | F26: =0.25/(LOG10((('Balanço Vazão'!$B$9/'Balanço Vazão'!$B$8)/3.7)+(5.74/(D26^0.9))))^2 -> 0.035793314 | G26: =0.25/(LOG10((('Balanço Vazão'!$C$9/'Balanço Vazão'!$C$8)/3.7)+(5.74/(E26^0.9))))^2 -> 0.038813778
A29: MODO INVERSO — dado um tempo-alvo no Anel 2, achar Q necessária
A30: t_alvo do Anel 2 (puxado da aba principal) | B30: ='Balanço Vazão'!$B$24 -> 1
A31: h_f alvo (perda de carga que os dois anéis terão) | B31: =(0.25/(LOG10((('Balanço Vazão'!$C$9/'Balanço Vazão'!$C$8)/3.7)+(5.74/((1000*((((PI()*('Balanço Vazão'!$C$8/1000)^2/4)*'Balanço Vazão'!$C$11*1000)/B30)/60000/(PI()*('Balanço Vazão'!$C$8/1000)^2/4))*('Balanço Vazão'!$C$8/1000)/'Dados e Cálculos'!$B$17)^0.9))))^2)*('Balanço Vazão'!$C$10/('Balanço Vazão'!$C$8/1000))*(((((PI()*('Balanço Vazão'!$C$8/1000)^2/4)*'Balanço Vazão'!$C$11*1000)/B30)/60000/(PI()*('Balanço Vazão'!$C$8/1000)^2/4))^2/(2*9.81)) -> 1.0394807
A32: Rodada | B32: Q1 (L/min) | C32: Re1 | D32: f1
A33: 0 (estimativa) | B33: =SQRT('Dados e Cálculos'!$B$31*PI()^2*9.81*(('Balanço Vazão'!$B$8/1000)^5)/(8*0.03*'Balanço Vazão'!$B$10))*60000 -> 9.6512263
A34: 1 | B34: =SQRT('Dados e Cálculos'!$B$31*PI()^2*9.81*(('Balanço Vazão'!$B$8/1000)^5)/(8*D34*'Balanço Vazão'!$B$10))*60000 -> 10.10514 | C34: =1000*((B33/60000)/(PI()*('Balanço Vazão'!$B$8/1000)^2/4))*('Balanço Vazão'!$B$8/1000)/'Dados e Cálculos'!$B$17 -> 17817.592 | D34: =0.25/(LOG10((('Balanço Vazão'!$B$9/'Balanço Vazão'!$B$8)/3.7)+(5.74/(C34^0.9))))^2 -> 0.027365389
A35: 2 | B35: =SQRT('Dados e Cálculos'!$B$31*PI()^2*9.81*(('Balanço Vazão'!$B$8/1000)^5)/(8*D35*'Balanço Vazão'!$B$10))*60000 -> 10.15926 | C35: =1000*((B34/60000)/(PI()*('Balanço Vazão'!$B$8/1000)^2/4))*('Balanço Vazão'!$B$8/1000)/'Dados e Cálculos'!$B$17 -> 18655.583 | D35: =0.25/(LOG10((('Balanço Vazão'!$B$9/'Balanço Vazão'!$B$8)/3.7)+(5.74/(C35^0.9))))^2 -> 0.027074606
A36: 3 | B36: =SQRT('Dados e Cálculos'!$B$31*PI()^2*9.81*(('Balanço Vazão'!$B$8/1000)^5)/(8*D36*'Balanço Vazão'!$B$10))*60000 -> 10.165535 | C36: =1000*((B35/60000)/(PI()*('Balanço Vazão'!$B$8/1000)^2/4))*('Balanço Vazão'!$B$8/1000)/'Dados e Cálculos'!$B$17 -> 18755.497 | D36: =0.25/(LOG10((('Balanço Vazão'!$B$9/'Balanço Vazão'!$B$8)/3.7)+(5.74/(C36^0.9))))^2 -> 0.027041189
A37: 4 | B37: =SQRT('Dados e Cálculos'!$B$31*PI()^2*9.81*(('Balanço Vazão'!$B$8/1000)^5)/(8*D37*'Balanço Vazão'!$B$10))*60000 -> 10.16626 | C37: =1000*((B36/60000)/(PI()*('Balanço Vazão'!$B$8/1000)^2/4))*('Balanço Vazão'!$B$8/1000)/'Dados e Cálculos'!$B$17 -> 18767.082 | D37: =0.25/(LOG10((('Balanço Vazão'!$B$9/'Balanço Vazão'!$B$8)/3.7)+(5.74/(C37^0.9))))^2 -> 0.02703733
A38: 5 | B38: =SQRT('Dados e Cálculos'!$B$31*PI()^2*9.81*(('Balanço Vazão'!$B$8/1000)^5)/(8*D38*'Balanço Vazão'!$B$10))*60000 -> 10.166344 | C38: =1000*((B37/60000)/(PI()*('Balanço Vazão'!$B$8/1000)^2/4))*('Balanço Vazão'!$B$8/1000)/'Dados e Cálculos'!$B$17 -> 18768.421 | D38: =0.25/(LOG10((('Balanço Vazão'!$B$9/'Balanço Vazão'!$B$8)/3.7)+(5.74/(C38^0.9))))^2 -> 0.027036885
